Committer,Filename,Date
GitHub,rootbeerlib/src/main,2021-05-24T07:35:11Z
GitHub,rootbeerlib/src/main,2021-05-22T13:42:21Z
Scott Alexander-Bown,rootbeerlib/src/main,2021-05-21T14:40:38Z
GitHub,rootbeerlib/src/main,2021-05-08T14:18:37Z
GitHub,rootbeerlib/src/main,2020-07-22T11:25:49Z
GitHub,rootbeerlib/src/main,2020-07-21T13:19:44Z
GitHub,rootbeerlib/src/main,2020-07-21T13:10:44Z
GitHub,rootbeerlib/src/main,2020-07-17T08:05:44Z
GitHub,rootbeerlib/src/main,2020-07-15T20:47:49Z
mat,rootbeerlib/src/main,2020-02-07T09:43:09Z
mat,rootbeerlib/src/main,2020-02-04T13:41:34Z
mat,rootbeerlib/src/main,2020-01-30T13:09:02Z
GitHub,rootbeerlib/src/main,2020-01-30T13:05:20Z
mat,rootbeerlib/src/main,2020-01-28T14:07:10Z
mat,rootbeerlib/src/main,2020-01-28T13:03:18Z
mat,rootbeerlib/src/main,2020-01-28T12:41:49Z
Scott Alexander-Bown,rootbeerlib/src/main,2019-12-09T10:32:18Z
Scott Alexander-Bown,rootbeerlib/src/main,2019-03-14T12:24:58Z
Matthew Rollings,rootbeerlib/src/main,2018-05-11T16:01:52Z
Matthew Rollings,rootbeerlib/src/main,2018-05-11T12:32:50Z
GitHub,rootbeerlib/src/main,2018-05-11T11:04:52Z
GitHub,rootbeerlib/src/main,2018-05-11T11:04:28Z
Matthew Rollings,rootbeerlib/src/main,2018-05-11T10:59:44Z
altvnv,rootbeerlib/src/main,2018-03-16T16:49:07Z
altvnv,rootbeerlib/src/main,2018-03-16T16:42:19Z
altvnv,rootbeerlib/src/main,2018-03-16T12:14:23Z
altvnv,rootbeerlib/src/main,2018-03-16T12:02:21Z
altvnv,rootbeerlib/src/main,2018-03-16T11:36:53Z
matthew,rootbeerlib/src/main,2017-10-31T18:57:32Z
GitHub,rootbeerlib/src/main,2017-09-29T08:23:05Z
Scott Alexander-Bown,rootbeerlib/src/main,2017-08-19T16:20:33Z
Scott Alexander-Bown,rootbeerlib/src/main,2017-08-11T15:34:54Z
BIOCATCH\Leon.Karabchevsky,rootbeerlib/src/main,2017-06-07T07:53:52Z
GitHub,rootbeerlib/src/main,2017-05-12T21:31:11Z
Frieder Bluemle,rootbeerlib/src/main,2017-05-11T17:13:00Z
vyas,rootbeerlib/src/main,2017-05-10T19:44:29Z
Scott Alexander-Bown,rootbeerlib/src/main,2017-03-29T11:18:37Z
Scott Alexander-Bown,rootbeerlib/src/main,2017-03-24T16:11:58Z
Scott Alexander-Bown,rootbeerlib/src/main,2017-03-24T14:16:12Z
Scott Alexander-Bown,rootbeerlib/src/main,2017-03-24T13:31:19Z
Scott Alexander-Bown,rootbeerlib/src/main,2017-03-24T13:30:47Z
matthew,rootbeerlib/src/main,2017-03-13T22:55:31Z
matthew,rootbeerlib/src/main,2017-03-13T22:35:27Z
GitHub,rootbeerlib/src/main,2017-03-13T22:05:11Z
Scott Alexander-Bown,rootbeerlib/src/main,2017-02-15T12:53:36Z
GitHub,rootbeerlib/src/main,2016-09-14T21:25:21Z
Matthew Rollings,rootbeerlib/src/main,2016-04-18T16:36:03Z
Mohammed Ezzat,rootbeerlib/src/main,2016-03-15T13:13:43Z
biddster,rootbeerlib/src/main,2016-03-07T14:21:36Z
Matthew Rollings,rootbeerlib/src/main,2015-12-22T10:17:02Z
Matthew Rollings,rootbeerlib/src/main,2015-12-22T10:11:09Z
Scott Alexander-Bown,rootbeerlib/src/main,2015-12-22T09:06:26Z
Matthew Rollings,rootbeerlib/src/main,2015-12-21T20:44:58Z
Matthew Rollings,rootbeerlib/src/main,2015-12-21T20:43:55Z
Alessandro Yuichi Okimoto,rootbeerlib/src/main,2015-10-06T08:56:57Z
Scott Alexander-Bown,rootbeerlib/src/main,2015-09-16T12:13:36Z
Scott Alexander-Bown,rootbeerlib/src/main,2015-06-30T16:35:59Z
Scott Alexander-Bown,rootbeerlib/src/main,2015-06-30T14:59:48Z
Scott Alexander-Bown,rootbeerlib/src/main,2015-06-30T14:45:20Z
Scott Alexander-Bown,rootbeerlib/src/main,2015-06-30T14:45:12Z
Matthew Rollings,rootbeerlib/src/main,2015-06-30T14:36:54Z
Scott Alexander-Bown,rootbeerlib/src/main,2015-06-30T14:14:20Z
Scott Alexander-Bown,rootbeerlib/src/main,2015-06-30T14:14:08Z
Matthew Rollings,rootbeerlib/src/main,2015-06-30T14:14:02Z
Matthew Rollings,rootbeerlib/src/main,2015-06-30T13:40:46Z
Matthew Rollings,rootbeerlib/src/main,2015-06-30T13:03:45Z
Scott Alexander-Bown,rootbeerlib/src/main,2015-06-29T13:06:59Z
Scott Alexander-Bown,rootbeerlib/src/main,2015-06-26T18:48:49Z
Matthew Rollings,rootbeerlib/src/main,2015-06-26T16:10:45Z
Matthew Rollings,rootbeerlib/src/main,2015-06-26T16:00:20Z
Matthew Rollings,rootbeerlib/src/main,2015-06-26T15:57:05Z
Scott Alexander-Bown,rootbeerlib/src/main,2015-06-26T15:50:40Z
GitHub,rootbeerlib/src/main/AndroidManifest.xml,2021-05-22T13:42:21Z
Alessandro Yuichi Okimoto,rootbeerlib/src/main/AndroidManifest.xml,2015-10-06T08:56:57Z
Scott Alexander-Bown,rootbeerlib/src/main/AndroidManifest.xml,2015-06-26T15:50:40Z
GitHub,rootbeerlib/src/main/cpp,2021-05-22T13:42:21Z
GitHub,rootbeerlib/src/main/cpp/CMakeLists.txt,2021-05-22T13:42:21Z
GitHub,rootbeerlib/src/main/cpp/toolChecker.cpp,2021-05-22T13:42:21Z
GitHub,rootbeerlib/src/main/cpp/toolChecker.h,2021-05-22T13:42:21Z
GitHub,rootbeerlib/src/main/java,2021-05-24T07:35:11Z
GitHub,rootbeerlib/src/main/java,2021-05-08T14:18:37Z
GitHub,rootbeerlib/src/main/java,2020-07-21T13:19:44Z
GitHub,rootbeerlib/src/main/java,2020-07-21T13:10:44Z
GitHub,rootbeerlib/src/main/java,2020-07-15T20:47:49Z
mat,rootbeerlib/src/main/java,2020-02-07T09:43:09Z
mat,rootbeerlib/src/main/java,2020-01-30T13:09:02Z
GitHub,rootbeerlib/src/main/java,2020-01-30T13:05:20Z
mat,rootbeerlib/src/main/java,2020-01-28T14:07:10Z
mat,rootbeerlib/src/main/java,2020-01-28T13:03:18Z
mat,rootbeerlib/src/main/java,2020-01-28T12:41:49Z
Scott Alexander-Bown,rootbeerlib/src/main/java,2019-12-09T10:32:18Z
Scott Alexander-Bown,rootbeerlib/src/main/java,2019-03-14T12:24:58Z
Matthew Rollings,rootbeerlib/src/main/java,2018-05-11T12:32:50Z
GitHub,rootbeerlib/src/main/java,2018-05-11T11:04:52Z
GitHub,rootbeerlib/src/main/java,2018-05-11T11:04:28Z
Matthew Rollings,rootbeerlib/src/main/java,2018-05-11T10:59:44Z
altvnv,rootbeerlib/src/main/java,2018-03-16T16:49:07Z
altvnv,rootbeerlib/src/main/java,2018-03-16T16:42:19Z
altvnv,rootbeerlib/src/main/java,2018-03-16T12:14:23Z
altvnv,rootbeerlib/src/main/java,2018-03-16T12:02:21Z
altvnv,rootbeerlib/src/main/java,2018-03-16T11:36:53Z
matthew,rootbeerlib/src/main/java,2017-10-31T18:57:32Z
GitHub,rootbeerlib/src/main/java,2017-09-29T08:23:05Z
Scott Alexander-Bown,rootbeerlib/src/main/java,2017-08-19T16:20:33Z
Scott Alexander-Bown,rootbeerlib/src/main/java,2017-08-11T15:34:54Z
BIOCATCH\Leon.Karabchevsky,rootbeerlib/src/main/java,2017-06-07T07:53:52Z
GitHub,rootbeerlib/src/main/java,2017-05-12T21:31:11Z
Frieder Bluemle,rootbeerlib/src/main/java,2017-05-11T17:13:00Z
vyas,rootbeerlib/src/main/java,2017-05-10T19:44:29Z
Scott Alexander-Bown,rootbeerlib/src/main/java,2017-03-29T11:18:37Z
Scott Alexander-Bown,rootbeerlib/src/main/java,2017-03-24T16:11:58Z
Scott Alexander-Bown,rootbeerlib/src/main/java,2017-03-24T13:31:19Z
Scott Alexander-Bown,rootbeerlib/src/main/java,2017-03-24T13:30:47Z
GitHub,rootbeerlib/src/main/java,2017-03-13T22:05:11Z
Scott Alexander-Bown,rootbeerlib/src/main/java,2017-02-15T12:53:36Z
GitHub,rootbeerlib/src/main/java,2016-09-14T21:25:21Z
Matthew Rollings,rootbeerlib/src/main/java,2016-04-18T16:36:03Z
Mohammed Ezzat,rootbeerlib/src/main/java,2016-03-15T13:13:43Z
Matthew Rollings,rootbeerlib/src/main/java,2015-12-22T10:17:02Z
Matthew Rollings,rootbeerlib/src/main/java,2015-12-22T10:11:09Z
Scott Alexander-Bown,rootbeerlib/src/main/java,2015-12-22T09:06:26Z
Matthew Rollings,rootbeerlib/src/main/java,2015-12-21T20:44:58Z
Matthew Rollings,rootbeerlib/src/main/java,2015-12-21T20:43:55Z
Scott Alexander-Bown,rootbeerlib/src/main/java,2015-09-16T12:13:36Z
Scott Alexander-Bown,rootbeerlib/src/main/java,2015-06-30T14:59:48Z
Scott Alexander-Bown,rootbeerlib/src/main/java,2015-06-30T14:45:20Z
Scott Alexander-Bown,rootbeerlib/src/main/java,2015-06-30T14:45:12Z
Matthew Rollings,rootbeerlib/src/main/java,2015-06-30T14:36:54Z
Scott Alexander-Bown,rootbeerlib/src/main/java,2015-06-30T14:14:20Z
Scott Alexander-Bown,rootbeerlib/src/main/java,2015-06-30T14:14:08Z
Matthew Rollings,rootbeerlib/src/main/java,2015-06-30T14:14:02Z
Matthew Rollings,rootbeerlib/src/main/java,2015-06-30T13:40:46Z
Scott Alexander-Bown,rootbeerlib/src/main/java,2015-06-29T13:06:59Z
Scott Alexander-Bown,rootbeerlib/src/main/java,2015-06-26T18:48:49Z
Matthew Rollings,rootbeerlib/src/main/java,2015-06-26T15:57:05Z
Scott Alexander-Bown,rootbeerlib/src/main/java,2015-06-26T15:50:40Z
GitHub,rootbeerlib/src/main/java/com,2021-05-24T07:35:11Z
GitHub,rootbeerlib/src/main/java/com,2021-05-08T14:18:37Z
GitHub,rootbeerlib/src/main/java/com,2020-07-21T13:19:44Z
GitHub,rootbeerlib/src/main/java/com,2020-07-21T13:10:44Z
GitHub,rootbeerlib/src/main/java/com,2020-07-15T20:47:49Z
mat,rootbeerlib/src/main/java/com,2020-02-07T09:43:09Z
mat,rootbeerlib/src/main/java/com,2020-01-30T13:09:02Z
GitHub,rootbeerlib/src/main/java/com,2020-01-30T13:05:20Z
mat,rootbeerlib/src/main/java/com,2020-01-28T14:07:10Z
mat,rootbeerlib/src/main/java/com,2020-01-28T13:03:18Z
mat,rootbeerlib/src/main/java/com,2020-01-28T12:41:49Z
Scott Alexander-Bown,rootbeerlib/src/main/java/com,2019-12-09T10:32:18Z
Scott Alexander-Bown,rootbeerlib/src/main/java/com,2019-03-14T12:24:58Z
Matthew Rollings,rootbeerlib/src/main/java/com,2018-05-11T12:32:50Z
GitHub,rootbeerlib/src/main/java/com,2018-05-11T11:04:52Z
GitHub,rootbeerlib/src/main/java/com,2018-05-11T11:04:28Z
Matthew Rollings,rootbeerlib/src/main/java/com,2018-05-11T10:59:44Z
altvnv,rootbeerlib/src/main/java/com,2018-03-16T16:49:07Z
altvnv,rootbeerlib/src/main/java/com,2018-03-16T16:42:19Z
altvnv,rootbeerlib/src/main/java/com,2018-03-16T12:14:23Z
altvnv,rootbeerlib/src/main/java/com,2018-03-16T12:02:21Z
altvnv,rootbeerlib/src/main/java/com,2018-03-16T11:36:53Z
matthew,rootbeerlib/src/main/java/com,2017-10-31T18:57:32Z
GitHub,rootbeerlib/src/main/java/com,2017-09-29T08:23:05Z
Scott Alexander-Bown,rootbeerlib/src/main/java/com,2017-08-19T16:20:33Z
Scott Alexander-Bown,rootbeerlib/src/main/java/com,2017-08-11T15:34:54Z
BIOCATCH\Leon.Karabchevsky,rootbeerlib/src/main/java/com,2017-06-07T07:53:52Z
GitHub,rootbeerlib/src/main/java/com,2017-05-12T21:31:11Z
Frieder Bluemle,rootbeerlib/src/main/java/com,2017-05-11T17:13:00Z
vyas,rootbeerlib/src/main/java/com,2017-05-10T19:44:29Z
Scott Alexander-Bown,rootbeerlib/src/main/java/com,2017-03-29T11:18:37Z
Scott Alexander-Bown,rootbeerlib/src/main/java/com,2017-03-24T16:11:58Z
Scott Alexander-Bown,rootbeerlib/src/main/java/com,2017-03-24T13:31:19Z
Scott Alexander-Bown,rootbeerlib/src/main/java/com,2017-03-24T13:30:47Z
GitHub,rootbeerlib/src/main/java/com,2017-03-13T22:05:11Z
Scott Alexander-Bown,rootbeerlib/src/main/java/com,2017-02-15T12:53:36Z
GitHub,rootbeerlib/src/main/java/com,2016-09-14T21:25:21Z
Matthew Rollings,rootbeerlib/src/main/java/com,2016-04-18T16:36:03Z
Mohammed Ezzat,rootbeerlib/src/main/java/com,2016-03-15T13:13:43Z
Matthew Rollings,rootbeerlib/src/main/java/com,2015-12-22T10:17:02Z
Matthew Rollings,rootbeerlib/src/main/java/com,2015-12-22T10:11:09Z
Scott Alexander-Bown,rootbeerlib/src/main/java/com,2015-12-22T09:06:26Z
Matthew Rollings,rootbeerlib/src/main/java/com,2015-12-21T20:44:58Z
Matthew Rollings,rootbeerlib/src/main/java/com,2015-12-21T20:43:55Z
Scott Alexander-Bown,rootbeerlib/src/main/java/com,2015-09-16T12:13:36Z
Scott Alexander-Bown,rootbeerlib/src/main/java/com,2015-06-30T14:59:48Z
Scott Alexander-Bown,rootbeerlib/src/main/java/com,2015-06-30T14:45:20Z
Scott Alexander-Bown,rootbeerlib/src/main/java/com,2015-06-30T14:45:12Z
Matthew Rollings,rootbeerlib/src/main/java/com,2015-06-30T14:36:54Z
Scott Alexander-Bown,rootbeerlib/src/main/java/com,2015-06-30T14:14:20Z
Scott Alexander-Bown,rootbeerlib/src/main/java/com,2015-06-30T14:14:08Z
Matthew Rollings,rootbeerlib/src/main/java/com,2015-06-30T14:14:02Z
Matthew Rollings,rootbeerlib/src/main/java/com,2015-06-30T13:40:46Z
Scott Alexander-Bown,rootbeerlib/src/main/java/com,2015-06-29T13:06:59Z
Scott Alexander-Bown,rootbeerlib/src/main/java/com,2015-06-26T18:48:49Z
Matthew Rollings,rootbeerlib/src/main/java/com,2015-06-26T15:57:05Z
Scott Alexander-Bown,rootbeerlib/src/main/java/com,2015-06-26T15:50:40Z
GitHub,rootbeerlib/src/main/java/com/scottyab,2021-05-24T07:35:11Z
GitHub,rootbeerlib/src/main/java/com/scottyab,2021-05-08T14:18:37Z
GitHub,rootbeerlib/src/main/java/com/scottyab,2020-07-21T13:19:44Z
GitHub,rootbeerlib/src/main/java/com/scottyab,2020-07-21T13:10:44Z
GitHub,rootbeerlib/src/main/java/com/scottyab,2020-07-15T20:47:49Z
mat,rootbeerlib/src/main/java/com/scottyab,2020-02-07T09:43:09Z
mat,rootbeerlib/src/main/java/com/scottyab,2020-01-30T13:09:02Z
GitHub,rootbeerlib/src/main/java/com/scottyab,2020-01-30T13:05:20Z
mat,rootbeerlib/src/main/java/com/scottyab,2020-01-28T14:07:10Z
mat,rootbeerlib/src/main/java/com/scottyab,2020-01-28T13:03:18Z
mat,rootbeerlib/src/main/java/com/scottyab,2020-01-28T12:41:49Z
Scott Alexander-Bown,rootbeerlib/src/main/java/com/scottyab,2019-12-09T10:32:18Z
Scott Alexander-Bown,rootbeerlib/src/main/java/com/scottyab,2019-03-14T12:24:58Z
Matthew Rollings,rootbeerlib/src/main/java/com/scottyab,2018-05-11T12:32:50Z
GitHub,rootbeerlib/src/main/java/com/scottyab,2018-05-11T11:04:52Z
GitHub,rootbeerlib/src/main/java/com/scottyab,2018-05-11T11:04:28Z
Matthew Rollings,rootbeerlib/src/main/java/com/scottyab,2018-05-11T10:59:44Z
altvnv,rootbeerlib/src/main/java/com/scottyab,2018-03-16T16:49:07Z
altvnv,rootbeerlib/src/main/java/com/scottyab,2018-03-16T16:42:19Z
altvnv,rootbeerlib/src/main/java/com/scottyab,2018-03-16T12:14:23Z
altvnv,rootbeerlib/src/main/java/com/scottyab,2018-03-16T12:02:21Z
altvnv,rootbeerlib/src/main/java/com/scottyab,2018-03-16T11:36:53Z
matthew,rootbeerlib/src/main/java/com/scottyab,2017-10-31T18:57:32Z
GitHub,rootbeerlib/src/main/java/com/scottyab,2017-09-29T08:23:05Z
Scott Alexander-Bown,rootbeerlib/src/main/java/com/scottyab,2017-08-19T16:20:33Z
Scott Alexander-Bown,rootbeerlib/src/main/java/com/scottyab,2017-08-11T15:34:54Z
BIOCATCH\Leon.Karabchevsky,rootbeerlib/src/main/java/com/scottyab,2017-06-07T07:53:52Z
GitHub,rootbeerlib/src/main/java/com/scottyab,2017-05-12T21:31:11Z
Frieder Bluemle,rootbeerlib/src/main/java/com/scottyab,2017-05-11T17:13:00Z
vyas,rootbeerlib/src/main/java/com/scottyab,2017-05-10T19:44:29Z
Scott Alexander-Bown,rootbeerlib/src/main/java/com/scottyab,2017-03-29T11:18:37Z
Scott Alexander-Bown,rootbeerlib/src/main/java/com/scottyab,2017-03-24T16:11:58Z
Scott Alexander-Bown,rootbeerlib/src/main/java/com/scottyab,2017-03-24T13:31:19Z
Scott Alexander-Bown,rootbeerlib/src/main/java/com/scottyab,2017-03-24T13:30:47Z
GitHub,rootbeerlib/src/main/java/com/scottyab,2017-03-13T22:05:11Z
Scott Alexander-Bown,rootbeerlib/src/main/java/com/scottyab,2017-02-15T12:53:36Z
GitHub,rootbeerlib/src/main/java/com/scottyab,2016-09-14T21:25:21Z
Matthew Rollings,rootbeerlib/src/main/java/com/scottyab,2016-04-18T16:36:03Z
Mohammed Ezzat,rootbeerlib/src/main/java/com/scottyab,2016-03-15T13:13:43Z
Matthew Rollings,rootbeerlib/src/main/java/com/scottyab,2015-12-22T10:17:02Z
Matthew Rollings,rootbeerlib/src/main/java/com/scottyab,2015-12-22T10:11:09Z
Scott Alexander-Bown,rootbeerlib/src/main/java/com/scottyab,2015-12-22T09:06:26Z
Matthew Rollings,rootbeerlib/src/main/java/com/scottyab,2015-12-21T20:44:58Z
Matthew Rollings,rootbeerlib/src/main/java/com/scottyab,2015-12-21T20:43:55Z
Scott Alexander-Bown,rootbeerlib/src/main/java/com/scottyab,2015-09-16T12:13:36Z
Scott Alexander-Bown,rootbeerlib/src/main/java/com/scottyab,2015-06-30T14:59:48Z
Scott Alexander-Bown,rootbeerlib/src/main/java/com/scottyab,2015-06-30T14:45:20Z
Scott Alexander-Bown,rootbeerlib/src/main/java/com/scottyab,2015-06-30T14:45:12Z
Matthew Rollings,rootbeerlib/src/main/java/com/scottyab,2015-06-30T14:36:54Z
Scott Alexander-Bown,rootbeerlib/src/main/java/com/scottyab,2015-06-30T14:14:20Z
Scott Alexander-Bown,rootbeerlib/src/main/java/com/scottyab,2015-06-30T14:14:08Z
Matthew Rollings,rootbeerlib/src/main/java/com/scottyab,2015-06-30T14:14:02Z
Matthew Rollings,rootbeerlib/src/main/java/com/scottyab,2015-06-30T13:40:46Z
Scott Alexander-Bown,rootbeerlib/src/main/java/com/scottyab,2015-06-29T13:06:59Z
Scott Alexander-Bown,rootbeerlib/src/main/java/com/scottyab,2015-06-26T18:48:49Z
Matthew Rollings,rootbeerlib/src/main/java/com/scottyab,2015-06-26T15:57:05Z
Scott Alexander-Bown,rootbeerlib/src/main/java/com/scottyab,2015-06-26T15:50:40Z
GitHub,rootbeerlib/src/main/java/com/scottyab/rootbeer,2021-05-24T07:35:11Z
GitHub,rootbeerlib/src/main/java/com/scottyab/rootbeer,2021-05-08T14:18:37Z
GitHub,rootbeerlib/src/main/java/com/scottyab/rootbeer,2020-07-21T13:19:44Z
GitHub,rootbeerlib/src/main/java/com/scottyab/rootbeer,2020-07-21T13:10:44Z
GitHub,rootbeerlib/src/main/java/com/scottyab/rootbeer,2020-07-15T20:47:49Z
mat,rootbeerlib/src/main/java/com/scottyab/rootbeer,2020-02-07T09:43:09Z
mat,rootbeerlib/src/main/java/com/scottyab/rootbeer,2020-01-30T13:09:02Z
GitHub,rootbeerlib/src/main/java/com/scottyab/rootbeer,2020-01-30T13:05:20Z
mat,rootbeerlib/src/main/java/com/scottyab/rootbeer,2020-01-28T14:07:10Z
mat,rootbeerlib/src/main/java/com/scottyab/rootbeer,2020-01-28T13:03:18Z
mat,rootbeerlib/src/main/java/com/scottyab/rootbeer,2020-01-28T12:41:49Z
Scott Alexander-Bown,rootbeerlib/src/main/java/com/scottyab/rootbeer,2019-12-09T10:32:18Z
Scott Alexander-Bown,rootbeerlib/src/main/java/com/scottyab/rootbeer,2019-03-14T12:24:58Z
Matthew Rollings,rootbeerlib/src/main/java/com/scottyab/rootbeer,2018-05-11T12:32:50Z
GitHub,rootbeerlib/src/main/java/com/scottyab/rootbeer,2018-05-11T11:04:52Z
GitHub,rootbeerlib/src/main/java/com/scottyab/rootbeer,2018-05-11T11:04:28Z
Matthew Rollings,rootbeerlib/src/main/java/com/scottyab/rootbeer,2018-05-11T10:59:44Z
altvnv,rootbeerlib/src/main/java/com/scottyab/rootbeer,2018-03-16T16:49:07Z
altvnv,rootbeerlib/src/main/java/com/scottyab/rootbeer,2018-03-16T16:42:19Z
altvnv,rootbeerlib/src/main/java/com/scottyab/rootbeer,2018-03-16T12:14:23Z
altvnv,rootbeerlib/src/main/java/com/scottyab/rootbeer,2018-03-16T12:02:21Z
altvnv,rootbeerlib/src/main/java/com/scottyab/rootbeer,2018-03-16T11:36:53Z
matthew,rootbeerlib/src/main/java/com/scottyab/rootbeer,2017-10-31T18:57:32Z
GitHub,rootbeerlib/src/main/java/com/scottyab/rootbeer,2017-09-29T08:23:05Z
Scott Alexander-Bown,rootbeerlib/src/main/java/com/scottyab/rootbeer,2017-08-19T16:20:33Z
Scott Alexander-Bown,rootbeerlib/src/main/java/com/scottyab/rootbeer,2017-08-11T15:34:54Z
BIOCATCH\Leon.Karabchevsky,rootbeerlib/src/main/java/com/scottyab/rootbeer,2017-06-07T07:53:52Z
GitHub,rootbeerlib/src/main/java/com/scottyab/rootbeer,2017-05-12T21:31:11Z
Frieder Bluemle,rootbeerlib/src/main/java/com/scottyab/rootbeer,2017-05-11T17:13:00Z
vyas,rootbeerlib/src/main/java/com/scottyab/rootbeer,2017-05-10T19:44:29Z
Scott Alexander-Bown,rootbeerlib/src/main/java/com/scottyab/rootbeer,2017-03-29T11:18:37Z
Scott Alexander-Bown,rootbeerlib/src/main/java/com/scottyab/rootbeer,2017-03-24T16:11:58Z
Scott Alexander-Bown,rootbeerlib/src/main/java/com/scottyab/rootbeer,2017-03-24T13:31:19Z
Scott Alexander-Bown,rootbeerlib/src/main/java/com/scottyab/rootbeer,2017-03-24T13:30:47Z
GitHub,rootbeerlib/src/main/java/com/scottyab/rootbeer,2017-03-13T22:05:11Z
Scott Alexander-Bown,rootbeerlib/src/main/java/com/scottyab/rootbeer,2017-02-15T12:53:36Z
GitHub,rootbeerlib/src/main/java/com/scottyab/rootbeer,2016-09-14T21:25:21Z
Matthew Rollings,rootbeerlib/src/main/java/com/scottyab/rootbeer,2016-04-18T16:36:03Z
Mohammed Ezzat,rootbeerlib/src/main/java/com/scottyab/rootbeer,2016-03-15T13:13:43Z
Matthew Rollings,rootbeerlib/src/main/java/com/scottyab/rootbeer,2015-12-22T10:17:02Z
Matthew Rollings,rootbeerlib/src/main/java/com/scottyab/rootbeer,2015-12-22T10:11:09Z
Scott Alexander-Bown,rootbeerlib/src/main/java/com/scottyab/rootbeer,2015-12-22T09:06:26Z
Matthew Rollings,rootbeerlib/src/main/java/com/scottyab/rootbeer,2015-12-21T20:44:58Z
Matthew Rollings,rootbeerlib/src/main/java/com/scottyab/rootbeer,2015-12-21T20:43:55Z
Scott Alexander-Bown,rootbeerlib/src/main/java/com/scottyab/rootbeer,2015-09-16T12:13:36Z
Scott Alexander-Bown,rootbeerlib/src/main/java/com/scottyab/rootbeer,2015-06-30T14:59:48Z
Scott Alexander-Bown,rootbeerlib/src/main/java/com/scottyab/rootbeer,2015-06-30T14:45:20Z
Scott Alexander-Bown,rootbeerlib/src/main/java/com/scottyab/rootbeer,2015-06-30T14:45:12Z
Matthew Rollings,rootbeerlib/src/main/java/com/scottyab/rootbeer,2015-06-30T14:36:54Z
Scott Alexander-Bown,rootbeerlib/src/main/java/com/scottyab/rootbeer,2015-06-30T14:14:20Z
Scott Alexander-Bown,rootbeerlib/src/main/java/com/scottyab/rootbeer,2015-06-30T14:14:08Z
Matthew Rollings,rootbeerlib/src/main/java/com/scottyab/rootbeer,2015-06-30T14:14:02Z
Matthew Rollings,rootbeerlib/src/main/java/com/scottyab/rootbeer,2015-06-30T13:40:46Z
Scott Alexander-Bown,rootbeerlib/src/main/java/com/scottyab/rootbeer,2015-06-29T13:06:59Z
Scott Alexander-Bown,rootbeerlib/src/main/java/com/scottyab/rootbeer,2015-06-26T18:48:49Z
Matthew Rollings,rootbeerlib/src/main/java/com/scottyab/rootbeer,2015-06-26T15:57:05Z
Scott Alexander-Bown,rootbeerlib/src/main/java/com/scottyab/rootbeer,2015-06-26T15:50:40Z
GitHub,rootbeerlib/src/main/java/com/scottyab/rootbeer/Const.java,2021-05-08T14:18:37Z
GitHub,rootbeerlib/src/main/java/com/scottyab/rootbeer/Const.java,2020-07-15T20:47:49Z
mat,rootbeerlib/src/main/java/com/scottyab/rootbeer/Const.java,2020-01-30T13:09:02Z
mat,rootbeerlib/src/main/java/com/scottyab/rootbeer/Const.java,2020-01-28T14:07:10Z
Scott Alexander-Bown,rootbeerlib/src/main/java/com/scottyab/rootbeer/Const.java,2019-12-09T10:32:18Z
Scott Alexander-Bown,rootbeerlib/src/main/java/com/scottyab/rootbeer/Const.java,2019-03-14T12:24:58Z
altvnv,rootbeerlib/src/main/java/com/scottyab/rootbeer/Const.java,2018-03-16T16:42:19Z
altvnv,rootbeerlib/src/main/java/com/scottyab/rootbeer/Const.java,2018-03-16T12:02:21Z
altvnv,rootbeerlib/src/main/java/com/scottyab/rootbeer/Const.java,2018-03-16T11:36:53Z
Scott Alexander-Bown,rootbeerlib/src/main/java/com/scottyab/rootbeer/Const.java,2017-03-24T13:30:47Z
Mohammed Ezzat,rootbeerlib/src/main/java/com/scottyab/rootbeer/Const.java,2016-03-15T13:13:43Z
Scott Alexander-Bown,rootbeerlib/src/main/java/com/scottyab/rootbeer/Const.java,2015-09-16T12:13:36Z
Scott Alexander-Bown,rootbeerlib/src/main/java/com/scottyab/rootbeer/Const.java,2015-06-30T14:59:48Z
Matthew Rollings,rootbeerlib/src/main/java/com/scottyab/rootbeer/Const.java,2015-06-30T13:40:46Z
Scott Alexander-Bown,rootbeerlib/src/main/java/com/scottyab/rootbeer/Const.java,2015-06-29T13:06:59Z
Scott Alexander-Bown,rootbeerlib/src/main/java/com/scottyab/rootbeer/Const.java,2015-06-26T15:50:40Z
GitHub,rootbeerlib/src/main/java/com/scottyab/rootbeer/RootBeer.java,2020-07-21T13:19:44Z
GitHub,rootbeerlib/src/main/java/com/scottyab/rootbeer/RootBeer.java,2020-07-21T13:10:44Z
mat,rootbeerlib/src/main/java/com/scottyab/rootbeer/RootBeer.java,2020-02-07T09:43:09Z
GitHub,rootbeerlib/src/main/java/com/scottyab/rootbeer/RootBeer.java,2020-01-30T13:05:20Z
mat,rootbeerlib/src/main/java/com/scottyab/rootbeer/RootBeer.java,2020-01-28T14:07:10Z
mat,rootbeerlib/src/main/java/com/scottyab/rootbeer/RootBeer.java,2020-01-28T13:03:18Z
mat,rootbeerlib/src/main/java/com/scottyab/rootbeer/RootBeer.java,2020-01-28T12:41:49Z
Scott Alexander-Bown,rootbeerlib/src/main/java/com/scottyab/rootbeer/RootBeer.java,2019-12-09T10:32:18Z
Scott Alexander-Bown,rootbeerlib/src/main/java/com/scottyab/rootbeer/RootBeer.java,2019-03-14T12:24:58Z
Matthew Rollings,rootbeerlib/src/main/java/com/scottyab/rootbeer/RootBeer.java,2018-05-11T12:32:50Z
GitHub,rootbeerlib/src/main/java/com/scottyab/rootbeer/RootBeer.java,2018-05-11T11:04:28Z
Matthew Rollings,rootbeerlib/src/main/java/com/scottyab/rootbeer/RootBeer.java,2018-05-11T10:59:44Z
altvnv,rootbeerlib/src/main/java/com/scottyab/rootbeer/RootBeer.java,2018-03-16T16:49:07Z
altvnv,rootbeerlib/src/main/java/com/scottyab/rootbeer/RootBeer.java,2018-03-16T16:42:19Z
altvnv,rootbeerlib/src/main/java/com/scottyab/rootbeer/RootBeer.java,2018-03-16T12:14:23Z
GitHub,rootbeerlib/src/main/java/com/scottyab/rootbeer/RootBeer.java,2017-09-29T08:23:05Z
Scott Alexander-Bown,rootbeerlib/src/main/java/com/scottyab/rootbeer/RootBeer.java,2017-08-19T16:20:33Z
Scott Alexander-Bown,rootbeerlib/src/main/java/com/scottyab/rootbeer/RootBeer.java,2017-08-11T15:34:54Z
BIOCATCH\Leon.Karabchevsky,rootbeerlib/src/main/java/com/scottyab/rootbeer/RootBeer.java,2017-06-07T07:53:52Z
vyas,rootbeerlib/src/main/java/com/scottyab/rootbeer/RootBeer.java,2017-05-10T19:44:29Z
Scott Alexander-Bown,rootbeerlib/src/main/java/com/scottyab/rootbeer/RootBeer.java,2017-03-29T11:18:37Z
Scott Alexander-Bown,rootbeerlib/src/main/java/com/scottyab/rootbeer/RootBeer.java,2017-03-24T16:11:58Z
Scott Alexander-Bown,rootbeerlib/src/main/java/com/scottyab/rootbeer/RootBeer.java,2017-03-24T13:31:19Z
GitHub,rootbeerlib/src/main/java/com/scottyab/rootbeer/RootBeer.java,2017-03-13T22:05:11Z
Scott Alexander-Bown,rootbeerlib/src/main/java/com/scottyab/rootbeer/RootBeer.java,2017-02-15T12:53:36Z
GitHub,rootbeerlib/src/main/java/com/scottyab/rootbeer/RootBeer.java,2016-09-14T21:25:21Z
Matthew Rollings,rootbeerlib/src/main/java/com/scottyab/rootbeer/RootBeer.java,2016-04-18T16:36:03Z
Mohammed Ezzat,rootbeerlib/src/main/java/com/scottyab/rootbeer/RootBeer.java,2016-03-15T13:13:43Z
Matthew Rollings,rootbeerlib/src/main/java/com/scottyab/rootbeer/RootBeer.java,2015-12-22T10:17:02Z
Matthew Rollings,rootbeerlib/src/main/java/com/scottyab/rootbeer/RootBeer.java,2015-12-22T10:11:09Z
Matthew Rollings,rootbeerlib/src/main/java/com/scottyab/rootbeer/RootBeer.java,2015-12-21T20:44:58Z
Matthew Rollings,rootbeerlib/src/main/java/com/scottyab/rootbeer/RootBeer.java,2015-12-21T20:43:55Z
Scott Alexander-Bown,rootbeerlib/src/main/java/com/scottyab/rootbeer/RootBeer.java,2015-06-30T14:45:20Z
Scott Alexander-Bown,rootbeerlib/src/main/java/com/scottyab/rootbeer/RootBeer.java,2015-06-30T14:45:12Z
Matthew Rollings,rootbeerlib/src/main/java/com/scottyab/rootbeer/RootBeer.java,2015-06-30T14:36:54Z
Scott Alexander-Bown,rootbeerlib/src/main/java/com/scottyab/rootbeer/RootBeer.java,2015-06-30T14:14:20Z
Scott Alexander-Bown,rootbeerlib/src/main/java/com/scottyab/rootbeer/RootBeer.java,2015-06-30T14:14:08Z
Matthew Rollings,rootbeerlib/src/main/java/com/scottyab/rootbeer/RootBeer.java,2015-06-30T14:14:02Z
Scott Alexander-Bown,rootbeerlib/src/main/java/com/scottyab/rootbeer/RootBeer.java,2015-06-29T13:06:59Z
Scott Alexander-Bown,rootbeerlib/src/main/java/com/scottyab/rootbeer/RootBeer.java,2015-06-26T15:50:40Z
GitHub,rootbeerlib/src/main/java/com/scottyab/rootbeer/RootBeerNative.java,2021-05-24T07:35:11Z
GitHub,rootbeerlib/src/main/java/com/scottyab/rootbeer/RootBeerNative.java,2021-05-08T14:18:37Z
Scott Alexander-Bown,rootbeerlib/src/main/java/com/scottyab/rootbeer/RootBeerNative.java,2019-03-14T12:24:58Z
Scott Alexander-Bown,rootbeerlib/src/main/java/com/scottyab/rootbeer/RootBeerNative.java,2017-03-29T11:18:37Z
Matthew Rollings,rootbeerlib/src/main/java/com/scottyab/rootbeer/RootBeerNative.java,2015-06-30T14:36:54Z
Matthew Rollings,rootbeerlib/src/main/java/com/scottyab/rootbeer/RootBeerNative.java,2015-06-30T14:14:02Z
Matthew Rollings,rootbeerlib/src/main/java/com/scottyab/rootbeer/RootBeerNative.java,2015-06-26T15:57:05Z
Scott Alexander-Bown,rootbeerlib/src/main/java/com/scottyab/rootbeer/RootBeerNative.java,2015-06-26T15:50:40Z
GitHub,rootbeerlib/src/main/java/com/scottyab/rootbeer/util,2021-05-08T14:18:37Z
mat,rootbeerlib/src/main/java/com/scottyab/rootbeer/util,2020-02-07T09:43:09Z
Scott Alexander-Bown,rootbeerlib/src/main/java/com/scottyab/rootbeer/util,2019-03-14T12:24:58Z
GitHub,rootbeerlib/src/main/java/com/scottyab/rootbeer/util,2018-05-11T11:04:52Z
matthew,rootbeerlib/src/main/java/com/scottyab/rootbeer/util,2017-10-31T18:57:32Z
Scott Alexander-Bown,rootbeerlib/src/main/java/com/scottyab/rootbeer/util,2017-08-19T16:20:33Z
Frieder Bluemle,rootbeerlib/src/main/java/com/scottyab/rootbeer/util,2017-05-11T17:13:00Z
Scott Alexander-Bown,rootbeerlib/src/main/java/com/scottyab/rootbeer/util,2017-02-15T12:53:36Z
Mohammed Ezzat,rootbeerlib/src/main/java/com/scottyab/rootbeer/util,2016-03-15T13:13:43Z
Scott Alexander-Bown,rootbeerlib/src/main/java/com/scottyab/rootbeer/util,2015-06-30T14:14:08Z
Scott Alexander-Bown,rootbeerlib/src/main/java/com/scottyab/rootbeer/util,2015-06-26T18:48:49Z
Scott Alexander-Bown,rootbeerlib/src/main/java/com/scottyab/rootbeer/util,2015-06-26T15:50:40Z
mat,rootbeerlib/src/main/java/com/scottyab/rootbeer/util/QLog.java,2020-02-07T09:43:09Z
GitHub,rootbeerlib/src/main/java/com/scottyab/rootbeer/util/QLog.java,2018-05-11T11:04:52Z
matthew,rootbeerlib/src/main/java/com/scottyab/rootbeer/util/QLog.java,2017-10-31T18:57:32Z
Scott Alexander-Bown,rootbeerlib/src/main/java/com/scottyab/rootbeer/util/QLog.java,2017-08-19T16:20:33Z
Frieder Bluemle,rootbeerlib/src/main/java/com/scottyab/rootbeer/util/QLog.java,2017-05-11T17:13:00Z
Scott Alexander-Bown,rootbeerlib/src/main/java/com/scottyab/rootbeer/util/QLog.java,2017-02-15T12:53:36Z
Mohammed Ezzat,rootbeerlib/src/main/java/com/scottyab/rootbeer/util/QLog.java,2016-03-15T13:13:43Z
Scott Alexander-Bown,rootbeerlib/src/main/java/com/scottyab/rootbeer/util/QLog.java,2015-06-26T18:48:49Z
Scott Alexander-Bown,rootbeerlib/src/main/java/com/scottyab/rootbeer/util/QLog.java,2015-06-26T15:50:40Z
GitHub,rootbeerlib/src/main/java/com/scottyab/rootbeer/util/Utils.java,2021-05-08T14:18:37Z
Scott Alexander-Bown,rootbeerlib/src/main/java/com/scottyab/rootbeer/util/Utils.java,2019-03-14T12:24:58Z
Mohammed Ezzat,rootbeerlib/src/main/java/com/scottyab/rootbeer/util/Utils.java,2016-03-15T13:13:43Z
Scott Alexander-Bown,rootbeerlib/src/main/java/com/scottyab/rootbeer/util/Utils.java,2015-06-30T14:14:08Z
GitHub,rootbeerlib/src/test,2021-05-08T14:18:37Z
GitHub,rootbeerlib/src/test,2020-02-03T20:42:40Z
GitHub,rootbeerlib/src/test,2020-01-31T00:54:28Z
mat,rootbeerlib/src/test,2020-01-30T16:12:36Z
mat,rootbeerlib/src/test,2020-01-28T13:03:18Z
Daniel Kutik,rootbeerlib/src/test,2019-11-16T02:34:58Z
Scott Alexander-Bown,rootbeerlib/src/test,2019-03-14T12:24:58Z
Matthew Rollings,rootbeerlib/src/test,2018-05-11T13:16:33Z
matthew,rootbeerlib/src/test,2017-10-31T18:57:32Z
GitHub,rootbeerlib/src/test/java,2021-05-08T14:18:37Z
GitHub,rootbeerlib/src/test/java,2020-02-03T20:42:40Z
GitHub,rootbeerlib/src/test/java,2020-01-31T00:54:28Z
mat,rootbeerlib/src/test/java,2020-01-30T16:12:36Z
mat,rootbeerlib/src/test/java,2020-01-28T13:03:18Z
Daniel Kutik,rootbeerlib/src/test/java,2019-11-16T02:34:58Z
Scott Alexander-Bown,rootbeerlib/src/test/java,2019-03-14T12:24:58Z
Matthew Rollings,rootbeerlib/src/test/java,2018-05-11T13:16:33Z
matthew,rootbeerlib/src/test/java,2017-10-31T18:57:32Z
GitHub,rootbeerlib/src/test/java/com,2021-05-08T14:18:37Z
GitHub,rootbeerlib/src/test/java/com,2020-02-03T20:42:40Z
GitHub,rootbeerlib/src/test/java/com,2020-01-31T00:54:28Z
mat,rootbeerlib/src/test/java/com,2020-01-30T16:12:36Z
mat,rootbeerlib/src/test/java/com,2020-01-28T13:03:18Z
Daniel Kutik,rootbeerlib/src/test/java/com,2019-11-16T02:34:58Z
Scott Alexander-Bown,rootbeerlib/src/test/java/com,2019-03-14T12:24:58Z
Matthew Rollings,rootbeerlib/src/test/java/com,2018-05-11T13:16:33Z
matthew,rootbeerlib/src/test/java/com,2017-10-31T18:57:32Z
GitHub,rootbeerlib/src/test/java/com/scottyab,2021-05-08T14:18:37Z
GitHub,rootbeerlib/src/test/java/com/scottyab,2020-02-03T20:42:40Z
GitHub,rootbeerlib/src/test/java/com/scottyab,2020-01-31T00:54:28Z
mat,rootbeerlib/src/test/java/com/scottyab,2020-01-30T16:12:36Z
mat,rootbeerlib/src/test/java/com/scottyab,2020-01-28T13:03:18Z
Daniel Kutik,rootbeerlib/src/test/java/com/scottyab,2019-11-16T02:34:58Z
Scott Alexander-Bown,rootbeerlib/src/test/java/com/scottyab,2019-03-14T12:24:58Z
Matthew Rollings,rootbeerlib/src/test/java/com/scottyab,2018-05-11T13:16:33Z
matthew,rootbeerlib/src/test/java/com/scottyab,2017-10-31T18:57:32Z
GitHub,rootbeerlib/src/test/java/com/scottyab/rootbeer,2021-05-08T14:18:37Z
GitHub,rootbeerlib/src/test/java/com/scottyab/rootbeer,2020-02-03T20:42:40Z
GitHub,rootbeerlib/src/test/java/com/scottyab/rootbeer,2020-01-31T00:54:28Z
mat,rootbeerlib/src/test/java/com/scottyab/rootbeer,2020-01-30T16:12:36Z
mat,rootbeerlib/src/test/java/com/scottyab/rootbeer,2020-01-28T13:03:18Z
Daniel Kutik,rootbeerlib/src/test/java/com/scottyab/rootbeer,2019-11-16T02:34:58Z
Scott Alexander-Bown,rootbeerlib/src/test/java/com/scottyab/rootbeer,2019-03-14T12:24:58Z
Matthew Rollings,rootbeerlib/src/test/java/com/scottyab/rootbeer,2018-05-11T13:16:33Z
matthew,rootbeerlib/src/test/java/com/scottyab/rootbeer,2017-10-31T18:57:32Z
GitHub,rootbeerlib/src/test/java/com/scottyab/rootbeer/RootBeerTest.java,2021-05-08T14:18:37Z
GitHub,rootbeerlib/src/test/java/com/scottyab/rootbeer/RootBeerTest.java,2020-02-03T20:42:40Z
GitHub,rootbeerlib/src/test/java/com/scottyab/rootbeer/RootBeerTest.java,2020-01-31T00:54:28Z
mat,rootbeerlib/src/test/java/com/scottyab/rootbeer/RootBeerTest.java,2020-01-30T16:12:36Z
mat,rootbeerlib/src/test/java/com/scottyab/rootbeer/RootBeerTest.java,2020-01-28T13:03:18Z
Daniel Kutik,rootbeerlib/src/test/java/com/scottyab/rootbeer/RootBeerTest.java,2019-11-16T02:34:58Z
Scott Alexander-Bown,rootbeerlib/src/test/java/com/scottyab/rootbeer/RootBeerTest.java,2019-03-14T12:24:58Z
Matthew Rollings,rootbeerlib/src/test/java/com/scottyab/rootbeer/RootBeerTest.java,2018-05-11T13:16:33Z
matthew,rootbeerlib/src/test/java/com/scottyab/rootbeer/RootBeerTest.java,2017-10-31T18:57:32Z
